"Market_ID","Market_Name","Region","Latitude_M","Longitude_M","Market_Type","Road_Quality","Days_Open_Per_Week","Market_Traders_Count","Infrastructure_Score","Cold_Storage_Available","Maize_Price_GHS","Cassava_Price_GHS","Tomato_Price_GHS","Cocoa_Price_GHS","Market_Efficiency_Score","High_Volume_Market","Survey_Year"
"MKT-001","Damongo Market 1","Eastern",6.3403,-0.5207,"Rural periodic","Dirt",3,34,3.2,"No",357,76,281,1771,3.4,"No",2022
"MKT-002","Wa Market 2","Oti",7.645,0.2744,"Urban daily","Seasonal",2,116,7.3,"No",321,168,137,1949,5.7,"Yes",2023
"MKT-003","Bolga Market 3","Central",5.2944,-1.1813,"Urban daily","Dirt",6,111,3.9,"Yes",310,96,275,1698,7.1,"Yes",2022
"MKT-004","Hohoe Market 4","Ahafo",6.6242,-2.7936,"Rural periodic","Dirt",3,40,1,"No",321,162,125,NA,2.8,"No",2022
"MKT-005","Tamale Market 5","Oti",7.8601,-0.1527,"Urban daily","Gravel",6,119,NA,"No",353,114,58,2047,9.7,"Yes",2022
"MKT-006","Salaga Market 6","Central",5.4331,-1.2129,"Roadside","Seasonal",3,NA,7.1,"No",299,106,NA,2068,5.1,"No",2022
"MKT-007","Bolga Market 7","Western North",6.4704,-2.2814,"Regional wholesale","Seasonal",3,188,9.8,"No",270,105,154,1708,5.5,"Yes",2023
"MKT-008","Navrongo Market 8","Ahafo",6.949,-2.3752,"Regional wholesale","Dirt",3,177,7.8,"No",282,119,308,1751,4.7,"Yes",2022
"MKT-009","Hohoe Market 9","Upper East",10.9632,-0.638,"Regional wholesale","Paved",5,176,8.4,"No",202,135,104,1837,9.6,"Yes",2023
"MKT-010","Salaga Market 10","Western",4.6223,-2.1465,"Rural periodic","Paved",3,38,6.2,"No",289,127,268,1927,6.9,"No",2021
"MKT-011","Koforidua Market 11","Oti",7.9204,0.3251,"Roadside","Paved",5,47,5,"Yes",297,101,231,1851,8.8,"No",2022
"MKT-012","Salaga Market 12","Upper West",10.6389,-2.6336,"Roadside","Gravel",1,40,6.8,"No",208,101,249,1730,5.6,"No",2023
"MKT-013","Takoradi Market 13","Oti",7.736,0.5692,"Roadside","Gravel",1,32,7.3,"No",275,99,211,1869,5.8,"No",2023
"MKT-014","Hohoe Market 14","Eastern",6.7621,-0.6842,"Roadside","Gravel",1,45,5.1,"No",275,130,70,1472,4.2,"No",2021
"MKT-015","Nkawkaw Market 15","Northern",9.3341,-0.3634,"Urban daily","Dirt",6,123,5.7,"No",NA,112,101,1699,8.2,"Yes",2022
"MKT-016","Agbogbloshie Market 16","Ashanti",6.4411,-1.448,"Regional wholesale","Seasonal",2,213,4.9,"No",259,180,219,1939,5.1,"Yes",2022
"MKT-017","Nkawkaw Market 17","Western",5.1362,-2.5341,"Urban daily","Paved",4,116,3.7,"No",326,93,212,1937,6.8,"Yes",2023
"MKT-018","Wa Market 18","Volta",7.2897,0.2854,"Border","Paved",7,43,3.9,"Yes",350,134,NA,1717,9.7,"No",2023
"MKT-019","Tamale Market 19","Northern",9.515,-0.4921,"Urban daily","Gravel",7,138,3.9,"Yes",NA,151,96,1910,8.8,"Yes",2021
"MKT-020","Sefwi Market 20","Western North",5.9869,-2.7882,"Regional wholesale","Dirt",1,200,7.6,"No",286,51,234,1684,5,"Yes",2021
"MKT-021","Tamale Market 21","Savannah",8.6563,-2.1228,"Rural periodic","Paved",6,39,8.1,"Yes",327,199,172,2264,10,"No",2021
"MKT-022","Nkawkaw Market 22","North East",11.021,-0.4388,"Roadside","Seasonal",3,39,4.2,"No",NA,107,185,1811,3.4,"No",2021
"MKT-023","Takoradi Market 23","Upper West",10.5596,-2.0416,"Urban daily","Gravel",2,117,6.1,"No",270,132,77,1764,6.1,"Yes",2022
"MKT-024","Takoradi Market 24","Central",5.6556,-1.1188,"Regional wholesale","Seasonal",3,208,9.4,"No",365,128,NA,1703,7.3,"Yes",2022
"MKT-025","Dambai Market 25","Upper West",10.1255,-2.7685,"Rural periodic","Gravel",7,33,4,"No",340,158,91,1831,6.4,"No",2022
"MKT-026","Navrongo Market 26","Northern",9.4683,-0.459,"Border","Paved",3,37,4.6,"Yes",NA,137,295,2003,8.3,"No",2023
"MKT-027","Salaga Market 27","Greater Accra",5.8948,-0.3463,"Urban daily","Paved",2,114,5.1,"No",263,151,120,NA,5.5,"Yes",2021
"MKT-028","Agbogbloshie Market 28","Oti",7.2019,0.1217,"Rural periodic","Gravel",2,41,3.8,"No",312,146,282,1675,4.3,"No",2023
"MKT-029","Bolga Market 29","Northern",9.1565,-1.1397,"Regional wholesale","Seasonal",1,214,4.4,"No",291,81,328,1770,4.4,"Yes",2022
"MKT-030","Kumasi Central Market 30","Upper East",10.651,-0.8381,"Rural periodic","Paved",7,40,5.8,"No",284,146,85,1682,8,"No",2022
"MKT-031","Kumasi Central Market 31","Savannah",9.0119,-1.7728,"Rural periodic","Paved",7,26,4.4,"Yes",298,135,269,1964,9,"No",2022
"MKT-032","Tamale Market 32","Upper East",10.9123,-1.2737,"Rural periodic","Gravel",3,42,7.7,"No",177,111,163,1505,8.5,"No",2021
"MKT-033","Nkawkaw Market 33","Ashanti",7.1115,-1.5715,"Rural periodic","Paved",7,48,7.8,"No",343,149,145,2128,9.9,"No",2023
"MKT-034","Damongo Market 34","Western",5.3094,-1.8301,"Roadside","Gravel",7,35,7.2,"Yes",318,106,149,1921,9.7,"No",2021
"MKT-035","Nkawkaw Market 35","Upper East",10.4326,-1.1739,"Roadside","Gravel",7,46,4.9,"No",275,160,166,1723,6.6,"No",2021
"MKT-036","Wa Market 36","Volta",6.9475,0.4075,"Rural periodic","Dirt",1,33,1.8,"Yes",331,95,258,1952,7.5,"No",2022
"MKT-037","Takoradi Market 37","Bono East",7.488,-1.7043,"Urban daily","Seasonal",7,128,9.8,"Yes",301,95,206,1605,8.6,"Yes",2021
"MKT-038","Nkawkaw Market 38","Greater Accra",5.9696,0.2443,"Rural periodic","Seasonal",7,31,7.2,"No",292,183,255,2086,5.3,"No",2021
"MKT-039","Koforidua Market 39","Eastern",6.8604,-0.2597,"Rural periodic","Gravel",6,32,4,"No",324,109,265,1556,8.2,"No",2023
"MKT-040","Tamale Market 40","Western",4.9919,-2.5212,"Urban daily","Dirt",5,128,4.3,"No",280,93,278,1815,5,"Yes",2021
"MKT-041","Sefwi Market 41","Eastern",6.2691,-0.596,"Rural periodic","Seasonal",3,38,4.6,"No",333,76,135,NA,4.4,"No",2023
"MKT-042","Koforidua Market 42","Oti",7.9494,0.1377,"Border","Gravel",6,37,2.5,"Yes",338,95,177,1828,6.5,"No",2023
"MKT-043","Agbogbloshie Market 43","Bono East",7.4174,-1.5199,"Urban daily","Gravel",4,120,7.1,"Yes",312,93,102,1857,10,"Yes",2022
"MKT-044","Dambai Market 44","Central",5.5101,-1.2186,"Urban daily","Dirt",3,122,8.4,"Yes",228,144,209,1627,9,"Yes",2021
"MKT-045","Agbogbloshie Market 45","Greater Accra",6.0584,-0.3959,"Rural periodic","Seasonal",4,31,1.3,"No",306,41,201,1754,1.7,"No",2023
"MKT-046","Kumasi Central Market 46","Greater Accra",5.4869,-0.2181,"Rural periodic","Dirt",7,44,2.8,"No",368,165,100,1520,2.8,"No",2021
"MKT-047","Hohoe Market 47","Volta",7.3953,0.4342,"Rural periodic","Paved",7,39,4,"No",333,165,278,1865,6.5,"No",2022
"MKT-048","Damongo Market 48","Western",4.8915,-2.5996,"Regional wholesale","Gravel",2,210,6.9,"Yes",237,152,249,1389,9.9,"Yes",2021
"MKT-049","Navrongo Market 49","Oti",8.0206,0.6817,"Urban daily","Paved",7,129,7.7,"No",NA,174,104,NA,9.2,"Yes",2022
"MKT-050","Takoradi Market 50","Ashanti",6.3436,-1.6634,"Rural periodic","Gravel",7,40,2.7,"No",193,141,147,1546,5.7,"No",2022
"MKT-051","Nkawkaw Market 51","Ashanti",7.0347,-1.9496,"Regional wholesale","Gravel",1,220,6.4,"No",252,60,130,1681,5.6,"Yes",2021
"MKT-052","Wa Market 52","Eastern",6.292,-0.667,"Roadside","Paved",7,35,1.9,"No",347,185,221,1707,5.5,"No",2023
"MKT-053","Dambai Market 53","Volta",6.9242,0.4809,"Urban daily","Dirt",5,117,7.4,"No",389,110,244,2109,8.1,"Yes",2022
"MKT-054","Hohoe Market 54","Northern",9.7555,-0.4197,"Urban daily","Gravel",3,140,10,"Yes",208,82,118,2115,10,"Yes",2023
"MKT-055","Dambai Market 55","Western North",6.5463,-2.6732,"Rural periodic","Dirt",7,46,3.9,"Yes",261,132,173,1894,8.1,"No",2021
"MKT-056","Takoradi Market 56","Central",5.3881,-1.3512,"Urban daily","Seasonal",7,107,6.1,"Yes",248,93,220,1885,6.1,"Yes",2021
"MKT-057","Takoradi Market 57","Western North",6.5422,-2.9143,"Rural periodic","Dirt",6,47,2.6,"No",283,167,284,1860,4.4,"No",2022
"MKT-058","Dambai Market 58","Greater Accra",5.9716,0.0658,"Urban daily","Paved",2,123,8.1,"No",260,114,195,1971,8.6,"Yes",2021
"MKT-059","Agbogbloshie Market 59","Greater Accra",5.5803,-0.0626,"Urban daily","Seasonal",2,118,8.5,"Yes",253,40,247,2167,5.4,"Yes",2021
"MKT-060","Koforidua Market 60","Bono East",7.3433,-1.7287,"Regional wholesale","Paved",1,185,3.4,"No",274,89,193,2037,4.3,"Yes",2023
"MKT-061","Sefwi Market 61","Ashanti",6.7815,-1.3013,"Border","Dirt",7,33,8.7,"No",226,126,259,1877,8.2,"No",2022
"MKT-062","Navrongo Market 62","Western North",6.2222,-2.3987,"Roadside","Gravel",6,43,1.7,"No",333,100,269,1703,5.9,"No",2023
"MKT-063","Takoradi Market 63","Greater Accra",5.8377,-0.6161,"Border","Paved",1,43,4.7,"No",337,114,206,1941,6.5,"No",2021
"MKT-064","Wa Market 64","Eastern",6.5049,-0.2786,"Regional wholesale","Gravel",4,218,6.6,"Yes",230,143,NA,1839,10,"Yes",2021
"MKT-065","Tamale Market 65","Bono",7.9818,-2.4579,"Border","Seasonal",7,38,4.8,"No",336,77,193,1716,4,"No",2023
"MKT-066","Wa Market 66","Volta",6.7863,0.8915,"Roadside","Paved",6,43,4.1,"Yes",335,132,253,1625,10,"No",2022
"MKT-067","Nkawkaw Market 67","Bono",7.451,-2.094,"Urban daily","Gravel",7,127,9.1,"No",225,109,157,2019,8.5,"Yes",2022
"MKT-068","Hohoe Market 68","North East",10.3043,-0.2421,"Roadside","Paved",7,46,5.7,"No",307,123,120,1656,7.4,"No",2021
"MKT-069","Damongo Market 69","Western",4.7287,-1.8351,"Rural periodic","Dirt",6,39,5.1,"No",273,96,222,1782,6.5,"No",2022
"MKT-070","Wa Market 70","Ashanti",6.934,-1.3507,"Regional wholesale","Gravel",4,189,4.8,"Yes",290,117,130,1893,7.9,"Yes",2022
"MKT-071","Kumasi Central Market 71","Savannah",9.1424,-1.8148,"Rural periodic","Dirt",2,32,5.7,"No",350,52,262,1523,5.8,"No",2021
"MKT-072","Bolga Market 72","Western North",6.2764,-2.3963,"Urban daily","Gravel",5,126,8,"No",300,134,102,1996,8.1,"Yes",2021
"MKT-073","Techiman Market 73","Ahafo",7.1368,-2.7115,"Rural periodic","Gravel",7,38,2.3,"No",332,114,182,2088,5,"No",2022
"MKT-074","Hohoe Market 74","Greater Accra",5.9865,-0.3874,"Urban daily","Gravel",3,NA,6.9,"No",218,146,184,1616,6.7,"Yes",2023
"MKT-075","Koforidua Market 75","Northern",9.6383,-1.0721,"Rural periodic","Gravel",6,46,3.3,"Yes",186,95,211,1825,8.8,"No",2021
"MKT-076","Nkawkaw Market 76","Volta",7.3106,0.1618,"Urban daily","Gravel",7,112,7.5,"No",341,73,203,1586,8.9,"Yes",2021
"MKT-077","Hohoe Market 77","Volta",6.56,0.1164,"Rural periodic","Paved",3,33,8.8,"No",260,82,207,1871,7.6,"No",2022
"MKT-078","Takoradi Market 78","Bono East",7.9915,-1.1175,"Rural periodic","Paved",7,49,8,"No",276,156,101,1597,9.6,"No",2022
"MKT-079","Nkawkaw Market 79","Oti",7.2208,0.4869,"Rural periodic","Paved",3,35,2.4,"No",226,116,188,1747,4.4,"No",2022
"MKT-080","Wa Market 80","Oti",7.8643,0.4174,"Urban daily","Dirt",7,112,NA,"Yes",NA,40,294,NA,10,"Yes",2022
"MKT-081","Wa Market 81","Ashanti",6.738,-2.0501,"Urban daily","Dirt",5,109,6.9,"No",271,110,192,1886,5.6,"Yes",2023
"MKT-082","Techiman Market 82","Volta",7.0247,0.7245,"Border","Dirt",7,41,3.5,"No",285,105,223,2110,6.3,"No",2022
"MKT-083","Nkawkaw Market 83","Savannah",9.131,-1.9809,"Urban daily","Seasonal",2,117,7.1,"No",248,62,NA,2013,4.2,"Yes",2023
"MKT-084","Navrongo Market 84","Ashanti",6.6272,-1.3242,"Rural periodic","Paved",5,NA,5.7,"No",251,87,222,1572,8.9,"No",2021
"MKT-085","Takoradi Market 85","Eastern",6.3832,0.0355,"Rural periodic","Gravel",6,40,2.8,"No",247,116,241,2160,5,"No",2021
"MKT-086","Navrongo Market 86","Western North",6.373,-2.4919,"Urban daily","Dirt",7,NA,3.1,"No",293,84,NA,1851,4.8,"Yes",2021
"MKT-087","Goaso Market 87","Central",5.5943,-0.8402,"Regional wholesale","Paved",3,217,8.6,"No",261,135,352,1508,7.8,"Yes",2023
"MKT-088","Tamale Market 88","Bono East",7.9128,-1.2505,"Roadside","Dirt",7,34,NA,"No",307,124,221,1782,6.1,"No",2022
"MKT-089","Dambai Market 89","Savannah",9.4456,-1.7123,"Regional wholesale","Dirt",3,211,4.6,"No",354,84,137,1658,5.9,"Yes",2022
"MKT-090","Techiman Market 90","Bono",7.9644,-1.8528,"Urban daily","Gravel",4,107,5.5,"No",173,137,132,1738,5.1,"Yes",2021
"MKT-091","Agbogbloshie Market 91","North East",10.539,-0.2874,"Regional wholesale","Gravel",3,219,4.7,"No",304,121,162,2037,4.7,"Yes",2022
"MKT-092","Agbogbloshie Market 92","Ashanti",6.3635,-1.4669,"Urban daily","Gravel",4,117,8.1,"No",313,120,199,1824,9.2,"Yes",2023
"MKT-093","Wa Market 93","Western North",6.1505,-2.2315,"Urban daily","Seasonal",7,118,5.2,"Yes",NA,105,280,1646,9.4,"Yes",2021
"MKT-094","Dambai Market 94","Upper East",11.1799,-0.4312,"Urban daily","Gravel",7,139,10,"No",209,135,200,1866,8.4,"Yes",2021
"MKT-095","Bolga Market 95","Greater Accra",5.9985,-0.281,"Rural periodic","Dirt",3,43,5.2,"Yes",275,149,311,1909,7.7,"No",2023
"MKT-096","Salaga Market 96","Ashanti",6.368,-2.0455,"Urban daily","Dirt",7,107,6.2,"No",371,149,243,1854,6.3,"Yes",2022
"MKT-097","Goaso Market 97","Bono",7.28,-2.5121,"Regional wholesale","Gravel",7,201,6.9,"No",384,122,124,NA,10,"Yes",2021
"MKT-098","Wa Market 98","Greater Accra",5.2538,-0.3455,"Urban daily","Dirt",5,144,7.1,"No",356,86,NA,1846,5.7,"Yes",2022
"MKT-099","Takoradi Market 99","Volta",6.6217,0.8394,"Rural periodic","Dirt",7,36,4.8,"No",264,133,228,NA,5.6,"No",2021
"MKT-100","Bolga Market 100","Volta",7.1724,0.0796,"Rural periodic","Paved",7,48,8.8,"No",286,76,269,1983,10,"No",2021
"MKT-101","Hohoe Market 101","Western",4.6428,-2.0452,"Border","Seasonal",3,39,3.1,"No",350,98,238,1530,3,"No",2021
"MKT-102","Navrongo Market 102","Western North",6.6027,-2.8714,"Urban daily","Dirt",2,123,5.4,"No",345,68,272,1860,6.3,"Yes",2023
"MKT-103","Dambai Market 103","Western",5.4569,-1.9302,"Rural periodic","Paved",7,27,NA,"No",219,159,196,1503,9.7,"No",2021
"MKT-104","Damongo Market 104","Upper West",10.528,-2.3463,"Rural periodic","Seasonal",3,43,4.6,"Yes",220,155,NA,1864,6.5,"No",2022
"MKT-105","Goaso Market 105","Western",5.4025,-1.8036,"Regional wholesale","Dirt",3,207,6.3,"No",317,85,246,1692,5.8,"Yes",2021
"MKT-106","Nkawkaw Market 106","Bono",7.4343,-2.0544,"Rural periodic","Gravel",7,43,5,"Yes",364,67,257,1762,9.4,"No",2022
"MKT-107","Takoradi Market 107","Oti",7.7066,0.509,"Rural periodic","Paved",3,46,5.2,"Yes",317,185,187,NA,9.7,"No",2021
"MKT-108","Takoradi Market 108","Western North",6.2022,-2.5021,"Rural periodic","Dirt",1,36,3.4,"No",333,125,90,2191,5.1,"No",2023
"MKT-109","Bolga Market 109","Upper West",10.5053,-2.4157,"Regional wholesale","Dirt",6,180,5.6,"No",281,117,200,NA,6.2,"Yes",2022
"MKT-110","Damongo Market 110","Upper West",10.0702,-2.6651,"Roadside","Seasonal",4,43,NA,"No",277,83,205,1673,2.8,"No",2022
"MKT-111","Nkawkaw Market 111","Bono East",8.0059,-1.7904,"Roadside","Paved",6,38,2.3,"No",267,146,188,2242,5.3,"No",2021
"MKT-112","Nkawkaw Market 112","Western North",6.8106,-2.4731,"Urban daily","Paved",1,120,7.1,"No",212,100,64,1998,6.9,"Yes",2023
"MKT-113","Bolga Market 113","Upper West",10.6022,-2.6397,"Rural periodic","Paved",6,48,2.5,"No",254,172,211,1411,7.4,"No",2021
"MKT-114","Salaga Market 114","Western",5.4062,-2.5703,"Rural periodic","Paved",6,31,7,"No",292,142,209,1819,8.2,"No",2021
"MKT-115","Navrongo Market 115","Bono",7.5508,-2.605,"Regional wholesale","Paved",7,200,2.8,"Yes",341,186,204,NA,8.5,"Yes",2022
"MKT-116","Techiman Market 116","Eastern",6.0615,-0.1471,"Rural periodic","Gravel",1,38,7.4,"No",201,214,248,1849,6.6,"No",2023
"MKT-117","Tamale Market 117","Volta",7.0108,0.014,"Urban daily","Gravel",4,136,9.1,"No",324,139,164,1890,7.5,"Yes",2022
"MKT-118","Sefwi Market 118","Upper West",10.2297,-2.601,"Urban daily","Seasonal",7,127,5,"No",215,78,203,1887,5.9,"Yes",2023
"MKT-119","Sefwi Market 119","Upper East",10.667,-0.3642,"Urban daily","Gravel",7,120,6.7,"No",291,60,138,1702,7.9,"Yes",2021
"MKT-120","Hohoe Market 120","Ahafo",6.8351,-2.5857,"Border","Seasonal",5,45,3.7,"No",217,182,317,1654,5.2,"No",2023
